{
  "project_info": {
    "project_number": "129026012885",
    "firebase_url": "https://minor-e897e-default-rtdb.firebaseio.com",
    "project_id": "minor-e897e",
    "storage_bucket": "minor-e897e.appspot.com"
  },
  "client": [
    {
      "client_info": {
        "mobilesdk_app_id": "1:129026012885:android:6936941ca2613696cb945c",
        "android_client_info": {
          "package_name": "com.shivam.smarthome"
        }
      },
      "oauth_client": [
        {
          "client_id": "129026012885-856dag7scs4tjt56bte7i6ruul3a14v0.apps.googleusercontent.com",
          "client_type": 3
        }
      ],
      "api_key": [
        {
          "current_key": "AIzaSyD77qaKGKXZYpYbWsv_1A9eGzTy3L1PP-E"
        }
      ],
      "services": {
        "appinvite_service": {
          "other_platform_oauth_client": [
            {
              "client_id": "129026012885-856dag7scs4tjt56bte7i6ruul3a14v0.apps.googleusercontent.com",
              "client_type": 3
            }
          ]
        }
      }
    }
  ],
  "configuration_version": "1"
}